"ID","Name","LongName","Parent"
"L106","C:","C:","L101"
"L107","Users","C:/Users","L106"
"L108","Deyan","C:/Users/Deyan","L107"
"L109","Downloads","C:/Users/Deyan/Downloads","L108"
"L110","junit4-r4.13","C:/Users/Deyan/Downloads/junit4-r4.13","L109"
"L111","src","C:/Users/Deyan/Downloads/junit4-r4.13/src","L110"
"L112","main","C:/Users/Deyan/Downloads/junit4-r4.13/src/main","L111"
"L1821","test","C:/Users/Deyan/Downloads/junit4-r4.13/src/test","L111"
"L113","java","C:/Users/Deyan/Downloads/junit4-r4.13/src/main/java","L112"
"L1822","java","C:/Users/Deyan/Downloads/junit4-r4.13/src/test/java","L1821"
"L114","junit","C:/Users/Deyan/Downloads/junit4-r4.13/src/main/java/junit","L113"
"L2960","org","C:/Users/Deyan/Downloads/junit4-r4.13/src/main/java/org","L113"
"L1823","junit","C:/Users/Deyan/Downloads/junit4-r4.13/src/test/java/junit","L1822"
"L2977","org","C:/Users/Deyan/Downloads/junit4-r4.13/src/test/java/org","L1822"
"L115","extensions","C:/Users/Deyan/Downloads/junit4-r4.13/src/main/java/junit/extensions","L114"
"L285","framework","C:/Users/Deyan/Downloads/junit4-r4.13/src/main/java/junit/framework","L114"
"L1409","runner","C:/Users/Deyan/Downloads/junit4-r4.13/src/main/java/junit/runner","L114"
"L1645","textui","C:/Users/Deyan/Downloads/junit4-r4.13/src/main/java/junit/textui","L114"
"L2961","junit","C:/Users/Deyan/Downloads/junit4-r4.13/src/main/java/org/junit","L2960"
"L1824","samples","C:/Users/Deyan/Downloads/junit4-r4.13/src/test/java/junit/samples","L1823"
"L2106","tests","C:/Users/Deyan/Downloads/junit4-r4.13/src/test/java/junit/tests","L1823"
"L2978","junit","C:/Users/Deyan/Downloads/junit4-r4.13/src/test/java/org/junit","L2977"
"L3581","experimental","C:/Users/Deyan/Downloads/junit4-r4.13/src/main/java/org/junit/experimental","L2961"
"L5622","function","C:/Users/Deyan/Downloads/junit4-r4.13/src/main/java/org/junit/function","L2961"
"L5629","internal","C:/Users/Deyan/Downloads/junit4-r4.13/src/main/java/org/junit/internal","L2961"
"L8042","matchers","C:/Users/Deyan/Downloads/junit4-r4.13/src/main/java/org/junit/matchers","L2961"
"L8117","rules","C:/Users/Deyan/Downloads/junit4-r4.13/src/main/java/org/junit/rules","L2961"
"L11112","runner","C:/Users/Deyan/Downloads/junit4-r4.13/src/main/java/org/junit/runner","L2961"
"L12533","runners","C:/Users/Deyan/Downloads/junit4-r4.13/src/main/java/org/junit/runners","L2961"
"L14243","validator","C:/Users/Deyan/Downloads/junit4-r4.13/src/main/java/org/junit/validator","L2961"
"L1881","money","C:/Users/Deyan/Downloads/junit4-r4.13/src/test/java/junit/samples/money","L1824"
"L2122","extensions","C:/Users/Deyan/Downloads/junit4-r4.13/src/test/java/junit/tests/extensions","L2106"
"L2238","framework","C:/Users/Deyan/Downloads/junit4-r4.13/src/test/java/junit/tests/framework","L2106"
"L2641","runner","C:/Users/Deyan/Downloads/junit4-r4.13/src/test/java/junit/tests/runner","L2106"
"L3591","experimental","C:/Users/Deyan/Downloads/junit4-r4.13/src/test/java/org/junit/experimental","L2978"
"L5642","internal","C:/Users/Deyan/Downloads/junit4-r4.13/src/test/java/org/junit/internal","L2978"
"L8134","rules","C:/Users/Deyan/Downloads/junit4-r4.13/src/test/java/org/junit/rules","L2978"
"L11128","runner","C:/Users/Deyan/Downloads/junit4-r4.13/src/test/java/org/junit/runner","L2978"
"L12543","runners","C:/Users/Deyan/Downloads/junit4-r4.13/src/test/java/org/junit/runners","L2978"
"L14250","validator","C:/Users/Deyan/Downloads/junit4-r4.13/src/test/java/org/junit/validator","L2978"
"L14507","samples","C:/Users/Deyan/Downloads/junit4-r4.13/src/test/java/org/junit/samples","L2978"
"L14599","tests","C:/Users/Deyan/Downloads/junit4-r4.13/src/test/java/org/junit/tests","L2978"
"L3584","categories","C:/Users/Deyan/Downloads/junit4-r4.13/src/main/java/org/junit/experimental/categories","L3581"
"L4522","max","C:/Users/Deyan/Downloads/junit4-r4.13/src/main/java/org/junit/experimental/max","L3581"
"L4836","results","C:/Users/Deyan/Downloads/junit4-r4.13/src/main/java/org/junit/experimental/results","L3581"
"L4926","runners","C:/Users/Deyan/Downloads/junit4-r4.13/src/main/java/org/junit/experimental/runners","L3581"
"L4948","theories","C:/Users/Deyan/Downloads/junit4-r4.13/src/main/java/org/junit/experimental/theories","L3581"
"L5713","builders","C:/Users/Deyan/Downloads/junit4-r4.13/src/main/java/org/junit/internal/builders","L5629"
"L6008","management","C:/Users/Deyan/Downloads/junit4-r4.13/src/main/java/org/junit/internal/management","L5629"
"L6129","matchers","C:/Users/Deyan/Downloads/junit4-r4.13/src/main/java/org/junit/internal/matchers","L5629"
"L6322","requests","C:/Users/Deyan/Downloads/junit4-r4.13/src/main/java/org/junit/internal/requests","L5629"
"L6423","runners","C:/Users/Deyan/Downloads/junit4-r4.13/src/main/java/org/junit/internal/runners","L5629"
"L11428","manipulation","C:/Users/Deyan/Downloads/junit4-r4.13/src/main/java/org/junit/runner/manipulation","L11112"
"L11617","notification","C:/Users/Deyan/Downloads/junit4-r4.13/src/main/java/org/junit/runner/notification","L11112"
"L12813","model","C:/Users/Deyan/Downloads/junit4-r4.13/src/main/java/org/junit/runners/model","L12533"
"L13617","parameterized","C:/Users/Deyan/Downloads/junit4-r4.13/src/main/java/org/junit/runners/parameterized","L12533"
"L4979","internal","C:/Users/Deyan/Downloads/junit4-r4.13/src/main/java/org/junit/experimental/theories/internal","L4948"
"L5440","suppliers","C:/Users/Deyan/Downloads/junit4-r4.13/src/main/java/org/junit/experimental/theories/suppliers","L4948"
"L6853","model","C:/Users/Deyan/Downloads/junit4-r4.13/src/main/java/org/junit/internal/runners/model","L6423"
"L6904","rules","C:/Users/Deyan/Downloads/junit4-r4.13/src/main/java/org/junit/internal/runners/rules","L6423"
"L7098","statements","C:/Users/Deyan/Downloads/junit4-r4.13/src/main/java/org/junit/internal/runners/statements","L6423"
"L3592","categories","C:/Users/Deyan/Downloads/junit4-r4.13/src/test/java/org/junit/experimental/categories","L3591"
"L5722","builders","C:/Users/Deyan/Downloads/junit4-r4.13/src/test/java/org/junit/internal/builders","L5642"
"L6134","matchers","C:/Users/Deyan/Downloads/junit4-r4.13/src/test/java/org/junit/internal/matchers","L5642"
"L6436","runners","C:/Users/Deyan/Downloads/junit4-r4.13/src/test/java/org/junit/internal/runners","L5642"
"L11624","notification","C:/Users/Deyan/Downloads/junit4-r4.13/src/test/java/org/junit/runner/notification","L11128"
"L12828","model","C:/Users/Deyan/Downloads/junit4-r4.13/src/test/java/org/junit/runners/model","L12543"
"L13622","parameterized","C:/Users/Deyan/Downloads/junit4-r4.13/src/test/java/org/junit/runners/parameterized","L12543"
"L14542","money","C:/Users/Deyan/Downloads/junit4-r4.13/src/test/java/org/junit/samples/money","L14507"
"L14655","assertion","C:/Users/Deyan/Downloads/junit4-r4.13/src/test/java/org/junit/tests/assertion","L14599"
"L14872","deprecated","C:/Users/Deyan/Downloads/junit4-r4.13/src/test/java/org/junit/tests/deprecated","L14599"
"L14898","description","C:/Users/Deyan/Downloads/junit4-r4.13/src/test/java/org/junit/tests/description","L14599"
"L14987","experimental","C:/Users/Deyan/Downloads/junit4-r4.13/src/test/java/org/junit/tests/experimental","L14599"
"L16618","junit3compatibility","C:/Users/Deyan/Downloads/junit4-r4.13/src/test/java/org/junit/tests/junit3compatibility","L14599"
"L17032","listening","C:/Users/Deyan/Downloads/junit4-r4.13/src/test/java/org/junit/tests/listening","L14599"
"L17178","manipulation","C:/Users/Deyan/Downloads/junit4-r4.13/src/test/java/org/junit/tests/manipulation","L14599"
"L17686","running","C:/Users/Deyan/Downloads/junit4-r4.13/src/test/java/org/junit/tests/running","L14599"
"L19425","validation","C:/Users/Deyan/Downloads/junit4-r4.13/src/test/java/org/junit/tests/validation","L14599"
"L7105","statements","C:/Users/Deyan/Downloads/junit4-r4.13/src/test/java/org/junit/internal/runners/statements","L6436"
"L15122","max","C:/Users/Deyan/Downloads/junit4-r4.13/src/test/java/org/junit/tests/experimental/max","L14987"
"L15281","parallel","C:/Users/Deyan/Downloads/junit4-r4.13/src/test/java/org/junit/tests/experimental/parallel","L14987"
"L15341","results","C:/Users/Deyan/Downloads/junit4-r4.13/src/test/java/org/junit/tests/experimental/results","L14987"
"L15374","theories","C:/Users/Deyan/Downloads/junit4-r4.13/src/test/java/org/junit/tests/experimental/theories","L14987"
"L17699","classes","C:/Users/Deyan/Downloads/junit4-r4.13/src/test/java/org/junit/tests/running/classes","L17686"
"L18602","core","C:/Users/Deyan/Downloads/junit4-r4.13/src/test/java/org/junit/tests/running/core","L17686"
"L18730","methods","C:/Users/Deyan/Downloads/junit4-r4.13/src/test/java/org/junit/tests/running/methods","L17686"
"L19441","anotherpackage","C:/Users/Deyan/Downloads/junit4-r4.13/src/test/java/org/junit/tests/validation/anotherpackage","L19425"
"L15414","extendingwithstubs","C:/Users/Deyan/Downloads/junit4-r4.13/src/test/java/org/junit/tests/experimental/theories/extendingwithstubs","L15374"
"L15641","internal","C:/Users/Deyan/Downloads/junit4-r4.13/src/test/java/org/junit/tests/experimental/theories/internal","L15374"
"L15856","runner","C:/Users/Deyan/Downloads/junit4-r4.13/src/test/java/org/junit/tests/experimental/theories/runner","L15374"
"L18187","parent","C:/Users/Deyan/Downloads/junit4-r4.13/src/test/java/org/junit/tests/running/classes/parent","L17699"
